category,margin,margin_pct
Dinner,26800.109999999993,92.75
Bar,9402.61,87.58
Lunch,9454.4,84.9
Breakfast,4336.060000000001,71.64
