category,total_purchase,total_sales,foodcost_pct
Dinner,2093.62,28893.729999999992,7.25
Bar,1333.3799999999999,10735.99,12.42
Lunch,1680.97,11135.369999999999,15.1
Breakfast,1716.56,6052.620000000001,28.36
